z1,z2,y
0.7660432136859548,0.47231917113455874,5.219364919459725
1.380997374556652,1.3156635476057852,7.6551743910507355
0.283215571282632,0.7060417514521392,4.973282008615348
0.7390727909098255,0.37112759640249016,5.6525940565910275
-0.7747289318098852,-0.6073644153708617,0.2881947801324445
1.0177321350740132,0.43046262884093955,5.221570177963167
1.3934176296756202,1.4906114740902372,7.133213587020678
-0.5691179260224724,-0.6245446960117638,0.20650335773579198
0.09802301106717135,-0.3124795152276472,2.583322467523441
1.606030315915812,1.7947218391096362,6.340601650687157
-1.9653083603389687,-2.152438950336049,-1.9459389718355402
1.9112372770896546,1.9583969721587011,8.130135885972718
-0.8833766833679678,-1.2857882394114304,0.1343784407611084
1.576496250871706,1.6403724516549296,8.662845632141094
1.221315022924789,1.2774129330424904,8.037365387291763
-1.3655407131381128,-1.1660465896814538,-2.2637377673249306
0.25958964176684857,0.1629049854188326,2.674062378854943
-0.5765262188507705,-0.6495859610113827,-0.2327092547958476
-0.45939588228793876,-0.25366644539800365,0.8455698989274495
-0.8073209565757342,-1.0128129303052706,-0.0839019857352255
0.7349961944931802,1.5070677677779296,4.07129478589999
-0.49123780505139736,0.3267946217652263,2.0970374997613774
0.9985667930674953,0.8225676507140558,6.163631497974155
0.2513778990479115,0.1927188179449151,3.668761955261667
0.008110575872934627,-0.06034661285633498,3.604811081018397
-0.20700177608771034,0.10127295028924053,2.703866181003417
-0.9189263092951193,-1.2466324931369233,-0.5018617884101753
-1.0839388210501468,-1.1362478789139798,1.3583967634962257
-1.8995970372736568,-1.7167600725138807,-4.33877265947256
-1.3331360306433904,-2.398299738715931,-2.395377674417941
-0.06448220916673529,0.15271312696925143,3.0713271957037125
-0.06620311034703556,0.47297358340398876,3.708797245769861
0.19045222139702664,0.8899806563787587,3.107885930519797
0.40648638133039355,0.9298623647179542,4.362555905423114
-1.5336262094595947,-1.8365455019619987,-2.8561051720910067
0.7765823366064312,1.4194479818806718,7.630705346586792
-0.5475808817479851,-0.35049181638462257,1.2485719293248971
0.9441536645393661,1.0426220690488142,6.140169401244887
-1.5603277354916165,-1.552371495046798,-2.068463879788303
-0.892805015520945,-0.14998434285980966,0.4954865925958841
1.5286930968049355,1.2452837843752793,5.054383465297827
-2.0365053170990937,-1.820687460272005,-3.191553570665183
0.7814712142955826,1.2236734344970037,6.163687061327192
-0.11994980752898689,-0.5346938761885041,2.4856565198222897
0.8608937818262504,0.9150723502868703,6.622684961819829
0.4595970283402131,0.3974238858046896,4.215080654547509
-0.7096151140571467,-0.4841342701326005,0.10231171329279498
-0.9977373576737368,-0.5232278213792162,1.3595922418422097
-1.2311763284464778,-0.5275450564437862,0.6085052185465372
-1.6380146008595677,-1.9476586883401636,-2.083471943734531
-1.3493459583832177,-1.5056764468926105,-1.2299960781134578
0.6021052827599703,-0.12940662117028803,3.347952656412418
-0.9091044976528023,-0.7787054040941477,1.82501672081728
0.44388006437162947,0.3292075746532308,4.510171891029176
1.772111037204176,2.2049272816861243,8.836307023753546
0.27699813880359553,0.25864734402035133,3.6523643386463074
0.19374617469924324,-0.3427859233777645,2.161001770897413
-1.3389536521203516,-1.2618468334227901,-1.4652807908837135
-1.4540482455213346,-1.4505482223062678,-0.7257506403981222
-0.6471073122428281,-0.12728099758693057,2.3831376777250175
0.08827801804117927,0.5136222129025293,3.6585059623463922
-0.8384257570897207,-1.4077280964566918,-0.8185120585685491
-1.4264212006391839,-1.4974640720965644,-1.209089338597037
0.06504914468219136,0.27668767104433345,5.39712717479004
-0.19469474849880322,0.3406573429170749,3.570239026525652
2.2809603715789892,1.6895313000725574,10.43956136636882
-0.32164080111644827,0.21494916930379526,3.945647286330745
-0.13131740737665126,-0.16480041080841773,2.770721908724402
1.0022021966623402,0.7863276965804051,6.784421843624998
0.172139981897195,0.45907388820795436,3.75318454591641
1.9714368667070332,1.8346202582119366,8.865054327747306
0.9345331397987715,1.4193869680770141,6.9679742817879715
-0.6988449579178424,-0.1880538740191005,0.7758526662832392
0.2995864043183737,0.4196834298585533,5.531379794743688
-0.14988833958049907,-0.24365852685511766,1.6260216537989574
0.7056890108139643,0.656031283692005,4.025296810508489
1.182538011018591,1.2607551836258462,5.952418249298261
-0.32576807616687425,0.040014287173957115,1.8793121566198119
0.010969074940639102,0.009290821538625097,1.7414382013476497
2.117249125629693,1.0733231752188717,8.39809610556953
-0.9367305785328481,-0.5980908809356975,1.722303718612436
0.42121080178105075,0.31928514167172745,4.438159836877382
-1.4021285200064515,-1.0744004577460609,0.7651611057492178
-0.2413500961780638,-0.6319398117622906,0.9815330437269585
-1.361071112364059,-1.2834218255443224,0.3905789763906997
1.4611970621882393,1.4106844988799487,9.847458200828388
-0.49159279005155204,0.028541884521755167,1.1593180803508552
-1.152338273158766,-0.812021191601499,-1.1941077682470778
0.8019654712831904,-0.024566160501153737,3.2534304975417703
-1.233002562929876,-1.215943129249072,-1.0735864700663402
0.8487065154117714,0.6957826827165234,5.679594941751789
-1.4746406917401989,-1.7910054524112542,-0.987657047592898
1.3626808934955588,1.4818989246333132,7.7240931007560265
0.7975231295989764,0.3360181248255445,4.956945197361789
0.3367162863998719,-0.035842484058243924,3.6633073907032467
-0.403091964273376,-0.4538371893203355,1.7881759455147133
-0.16697854165138495,0.10639864242650685,3.4685970737982728
1.0183157351559966,0.5039884941677691,4.85949424806586
-1.0682677521207273,-1.3491352353095074,0.6214732756948771
2.410579195996341,1.8196319216203667,10.234516362065765
-0.23893961872077907,-0.343843326899833,2.0532849594424483
-0.6869657639627704,-0.5815247772200794,1.810086297231668
0.011332520089569045,-0.6870620597233651,1.823640249634495
-0.09534689710060748,0.2941611500589672,2.762967700335193
2.0562934505656734,1.9902377121493608,7.609083487326504
-0.14650372475219137,-0.1455084992930377,2.2686343380527494
-0.5383005187072608,-0.6323346531225278,0.6220198086493984
-0.3967026619898472,-1.0338214559204513,2.0476142227748957
-2.697926971702912,-2.988217370930209,-3.4315466535545243
0.9790655771468845,0.4515332766706143,3.9782646169172793
-0.5946384476243574,-0.7508461320292025,1.2498827531312322
0.5961271842282148,0.8174187952060424,6.23230882128223
0.36417824750343225,0.27063313297358593,3.729473446596356
0.0016352077449613804,-0.06338076250800201,3.980122913532062
0.21915894766031502,-0.23413275009239348,3.894760091661507
0.32605735042922845,0.3298422874057448,4.582017567642782
-0.23999294395427156,0.15359552021185904,2.224471267074102
-0.2563284621522647,0.2711487482510917,2.24443162538702
0.7650728200544208,1.325665550613563,5.9383710000494805
-2.078873141231819,-2.1190861236874907,-3.499760470319298
-1.0826754499233577,-0.6817252493655538,-0.197024601044738
-0.04248172759663172,-0.3456945077285683,3.2993242177976407
1.7432451289366457,1.8251513129698635,8.752695444121457
-0.009724863523944471,0.21836262880012253,3.417298095361708
0.5833572275481986,-0.08811428747915018,3.7013369633405775
1.4881543356485087,1.53593467017277,9.167520028337727
-0.01941612500863697,0.13899250575571784,2.984557747466543
1.0093315003119951,0.20122100537410767,6.17667282241855
0.6676109704541524,0.22236770776040946,3.449906368854654
0.24178945394159193,-0.46663056379165124,5.399948957558058
-0.15728267260140777,-0.5982428536599876,3.37408063865671
0.22341067455646382,0.8857878092789366,4.6019903182850435
-1.3372319036920122,-0.9508128349871358,-1.7162703209860402
0.5583825306340515,-0.017426156917465806,4.544695530231844
-1.1295761728456966,-0.8312807736865545,-3.0324570843299816
0.15059623522406076,0.06763388286901069,3.328512546466895
-1.246374237372433,-1.0764034857405533,-0.5930928286433282
0.35571287231615567,0.0552065356036522,3.0502996195156276
1.4168751904253345,0.8707153118795399,7.358402852939232
-0.24913799158293773,-0.0033114938523503583,2.605420961691578
-0.1644609905298662,-0.3415640149378455,3.4640035084453755
0.9862490364637314,0.3288231982887705,4.503206162270768
-0.12630060925195474,0.6390781291423783,2.5145568861162575
-0.6575762842241445,-0.27034759816837667,1.9553303377304836
1.0090198893158717,1.2331845490157451,5.035222125045129
-1.2143356299327945,-1.8093019514721724,-1.4114887609010727
-0.8892228416261679,-1.31372001945286,-1.1418801291266998
-0.6754298546950943,-0.8046480630950439,-0.3831427322946077
-1.1043398365612245,-0.22859760658125783,0.07030218233113256
0.28715197584648144,0.650057111901038,4.648188842029792
-0.0015434300740883224,0.21114456181438385,3.5440091617267235
-0.600901618548208,-1.2708197398255878,0.2769269790856315
0.17872131091956925,0.7554304918517551,4.170519881101622
2.189295531691492,1.5592420418115196,9.174715394365915
0.8033215907052462,1.0625820092121714,4.343879939765027
1.0191364154721252,1.46037525401452,7.661187245487856
0.10947813211696905,0.23201902648583672,3.0277965310514294
-0.02485154985986184,-0.7319920564826775,3.9000877800572082
0.5300049425999354,0.619149708535043,7.0150427016679675
1.0028887021245398,1.0980054984130274,4.195236168441138
-0.8616511152616517,-0.9150596565632645,0.849139430734819
0.531348850950459,0.24673089975024687,5.141691425665785
0.751859832997503,0.33687362666144494,5.968009293603307
-0.9187154111952035,-0.8804877394344433,-0.6943817248094301
0.2542932145984172,0.5890125480190476,4.54929922094721
-1.1442401192557246,-1.2102389086674246,-1.2825097264328424
-0.39005482678942166,-0.3601543550736285,1.633488925198752
1.2368903779875,0.9652727999499022,5.913393157411255
-0.5015308415616377,-0.3871586260586402,2.389887957166642
0.17705718214029728,0.11099894339086945,3.6237777352640665
1.6324626680770369,1.423071248894829,4.870742494163445
-1.103535404412032,-0.042755667849586496,1.3994622629406237
-0.6524582232882579,-0.37710213047444524,2.1723362089695795
0.8947994487562503,0.5612809679219599,6.2193913316343385
0.4452387747936298,-0.027875423703309504,3.99714748184789
-1.706525634941926,-2.1549583616681445,-2.6035392229367393
0.14133623707773568,0.6448447351500995,3.7687473638585103
-0.7732984468846219,-0.6579059080067604,-0.05808939498205945
-1.3889686579772107,-1.4240580867720072,-1.6599854326299233
-0.2135260016237896,-0.27882740255794036,0.5804881165276639
-0.10007073583072265,-0.2062928998646656,3.0847763175971705
-1.5320802420726558,-1.1919246952964797,-1.0956859740218403
0.5545465153208703,0.20898776343353173,4.506318998268509
-1.1851979835279494,-1.7810449371683337,-2.1044147623044815
0.6692250434743641,1.236169546576486,3.745400930040833
0.08370404335388149,0.21035578462106955,4.069684013258666
-0.9265918666693681,-1.1955304976067993,-0.8403591259092235
0.09313673664132921,0.15359038613896223,1.6992532561669587
-0.0768303382370309,0.22748666406838194,4.500459823240751
0.9469961946800023,0.7769873946245494,6.101012831096888
1.333171845066194,1.4381739328962169,7.067329508131053
-0.7435502374221027,-0.6936662330851675,1.2427841559936894
1.0559070026266735,1.1632211903608725,5.909091677724966
0.12842748109061802,-0.575506608920169,1.3457885866150028
-2.3917145486581535,-2.739885143561668,-4.52616350215277
0.7919168807670822,0.12851005618146918,5.596220409763263
-0.12927015905006342,-1.022836141658904,0.7808795379077181
0.765853752146789,0.7027750290929246,3.972504233255642
0.5594278591156122,0.011477023628297412,3.3748021850459184
-0.14604567066583415,-0.18245900659250214,2.3719713254686843
-0.909786308817996,-1.2041766775732583,-1.3991140572081366
0.9927672064074594,0.9728727829377427,5.9634404636169425
-0.34059425084919936,-0.023560438025155676,2.4740074799260756
0.32120977861202427,0.7239705508109953,4.279825137585813
-0.2964520682638632,-0.44607492315920105,3.2474847691499598
-1.7385508129824918,-1.4143947828047172,-4.166128991372682
-0.043426459966344144,-0.23806599876949358,2.5597088162503194
-0.35944270290152147,-0.872041392512234,-0.3563273933935951
0.3989049490567742,0.5048760255448392,3.661464814011478
0.3646733801268428,0.9237836418934032,4.737949757853374
0.9347719118288376,0.7800854144615078,5.258220248427749
0.9263370458509931,0.4702016774055149,5.370145038436139
-1.0575987288769433,-0.47373036018384435,0.31206174278538523
-0.6893307656855348,-0.8528681983706284,0.2704770805485061
-0.6003763541564977,-0.1320422365968223,1.4978495918106498
0.4300161471456798,0.13354254860924913,4.343832441095341
1.4214309938026535,1.6942468368582866,6.79738032916772
1.160610409384036,0.10012089935133574,4.927919370798347
0.7188452608831528,-0.1448809594317172,5.412858435028946
0.6485916494222609,0.4034026560891156,6.1955986554963385
1.185777227453461,1.0793258657896876,7.0794120395059
0.34269655108642055,0.16981069548566463,4.792464041665372
-2.852942189419211,-2.07456929387225,-3.613973210918489
-0.4111472230301421,-0.19533536532199489,3.125350667174952
1.337967803233286,0.6616828576776667,8.118618518364118
0.819981884931904,0.709378093281661,3.450327784045668
0.03394259690213639,0.062341182024702964,3.2457007065290506
0.4019689400517203,0.63179402374759,4.052255261736423
1.802270151833138,1.7625627301514573,7.992638304072694
1.7431462972636051,1.98489025859313,8.602609645875644
0.41487843420026166,0.5629186449038664,2.7560407109364027
1.6163828618740932,0.7187345985172927,5.870021681534393
-0.8434264605442773,-0.9567559200701111,-1.863846064907809
2.388175685279665,2.216679944418875,9.508797740537474
0.9192534953656726,0.5178596831781785,4.429778528545178
1.116194476174322,0.9225527986495352,6.65571083435106
0.9782511153201825,1.2366861209985793,6.572843470936094
-1.4391986515841115,-0.2148011423175023,0.38405008159814286
-0.11658632768072116,0.19593840234721513,4.783992095781358
-1.1174925516005543,-0.859757850200342,-1.8595241221463255
-0.38527902318876006,-0.648436756170426,1.7811093649674299
1.6935748071077843,0.9348666100095783,8.218609665310666
0.100748749664856,0.009244261777103273,1.7688723739322696
-0.2929855825300111,-0.507186114614917,2.395110312297902
-0.34711770800366076,-0.19513520332046672,1.950417722546156
0.639365519722931,1.0513237198738097,4.330164451283228
0.24145856280225675,0.18177264183371572,2.975705441102013
1.018497833139831,0.8661627501488993,5.094451143086589
-0.25260686816034805,0.251609367907377,1.7407121619432624
-0.1853638336786319,-0.23410910514000666,2.582240440395784
0.8276198687495893,1.4197151774739256,6.779788321001673
-0.3163253586705187,-0.22989549570632561,3.076689163795223
0.06121406015971875,-0.596229358123999,3.262623898895283
1.7496853405031585,1.9184506669197243,7.671702143355964
0.043555374687826894,0.5776134770376778,3.818841628264278
-0.8812544053075201,-1.3434279311932198,1.2575199786532218
0.6012327898964978,0.32971205204352205,4.30936097497082
1.9591551389056863,2.22917415110397,9.09407792802988
0.825825459166929,0.7603628238723273,6.236244915680695
0.6674148824163261,1.2288696787882634,7.480583027229507
-1.3827073112861836,-1.6423073829068855,-1.4746896808736079
0.5725720639132079,1.0228507623888352,4.504697514340469
2.021265203141731,1.8272136220874757,9.51654917690017
1.320751680607785,1.572041833642269,6.355674286535791
-0.3552246910404518,-0.3796648214670554,2.0084984632403042
-0.14901791256643593,-0.43207483644619854,2.3498659946501363
0.9065020389362208,1.2001210463947145,6.483024580621598
-1.030628127348652,-0.8507357153417991,-0.049049256485398346
0.3441678379769209,-0.06914720847361633,3.099563447915887
-0.8162687601143563,-1.7627412999640504,0.0034117937885425054
-0.9393591318602849,-0.4590999792428857,0.9086255888003181
0.40595638381354837,0.5986709120066919,3.0822539356525795
2.306789244279216,1.7714560418765866,10.25100198396357
-1.2118936304488106,-0.5512271980818774,0.8770894733429185
-0.9495203727190694,-0.33089646212089285,1.060085329563149
-0.6988379643493078,0.21459730772546845,1.3113859383717954
-0.7383411482861008,-1.313636839914497,-1.0757412309179524
-1.567244079842448,-1.8695277089210955,-2.2896334452925147
-0.6462771483757779,-1.4397616479012152,-0.2172796351033262
-0.13386064600374578,-0.19924555373118893,2.7008623095181044
-0.2946287284690296,-0.42657715988338296,2.522341589236441
0.0941140247438518,0.07710590057371743,1.8663307148689225
0.14493864441177984,1.0783683600859755,3.549176276399332
-0.12708781246712827,-0.5579335305918702,1.632277449446245
0.0016772475814449451,-0.1564578354571845,4.098899024629219
-0.40601599011804584,-0.12252357969956744,4.643745165456767
0.7476590134820199,1.198558962327884,4.636274623452625
0.9155011770449826,0.4954667719444711,4.369359445820171
-0.07503571491752964,-0.3182842787465955,1.6499110195549576
-2.0822085379952133,-1.4461106763192348,-2.7594047192767057
-0.3041508809535593,-0.35554732758376345,1.5104162630195865
-0.33323269585815585,0.02595458846670966,1.6948868871445966
0.8805849551471622,0.7060773942186613,4.649826416426961
-0.7693807694644136,-1.4960941288962442,-0.6066801886687551
0.9010218768878305,0.4694099880444217,6.543369967596
-0.6540079951869137,-0.5535163379088084,-0.44049177390930194
0.29335260268568836,-0.13725476787223964,3.419624156325566
-1.4778770797273266,-1.4258584538862995,-2.13161771933729
0.4328075723899014,1.2499434410808505,4.388506641289659
0.1381285039177077,0.11396179541747452,3.037144112291067
-0.011196647879184974,-0.05483331849224233,1.9358384918719236
1.4492437083516325,2.064855852634951,9.297695844641606
-0.7417541153534819,-0.3446426522785357,1.637047299372702
-0.04292250089866999,-0.44069921746992563,1.8452688134657396
-1.6108995922239846,-1.3605401216444784,-1.0532635647843605
-0.7984694971601229,-0.3286559268460658,2.5319282386342596
-0.9745157507814832,-0.7836644594465023,-0.050519070998128746
-2.509963803457591,-2.1173659559167444,-4.994427916744142
-1.3436421883641168,-1.074069256935576,0.6572623641089388
1.6644009278227923,0.76899739380431,7.873105957812145
-0.7235007546237995,-0.8390845458962888,2.3241948650510995
0.20095733057214601,0.38217202006754264,2.4268229567422477
1.2059043832989376,0.6870026791300249,6.580946117411474
-0.5775570017417025,-0.227615086737576,1.2401231315191845
-0.5677071485689037,-0.8384417573675245,0.9045851932435715
-0.3046039348155172,-0.5031508976152169,1.043596262661715
0.990966142423907,0.9321561422433736,5.483224853395019
0.3913092817279877,0.3717361714879258,4.849936205074877
0.07832207909091068,0.1828240325503438,2.610176219948437
-0.9034004766929603,-1.5060228938536262,-1.12071603694829
0.6426941267758326,0.5145051294393408,5.572333636741259
-0.711040354305325,-0.9674560762847492,0.8118360094250968
-0.9753705325937551,-0.6839237686237727,0.4130222352870919
0.9805845883045033,0.6661340224073004,4.614977797870385
0.5397329489852524,-0.005250346108022035,1.8506099968718819
1.327884717438218,0.3345116024169706,4.557071053949569
1.5118722153943378,1.2182746027368838,6.493735207180022
1.112615897433073,0.9927541540563637,7.661319132545854
-0.5506606441278956,-0.5273196360703042,0.10764645777788484
0.4017007123897201,0.30482784788771344,3.539302661518783
-0.4170026616192973,-0.7014891702019528,2.479535318437364
-0.9839309988727966,-1.160480820292658,-1.4962598042667812
1.5344964926748141,1.225921758055967,6.538028776320196
-0.025221766309168666,0.2059887645124183,3.8980583346153463
0.8501879966589403,0.7435774274712167,7.103061569563829
-0.5068098477011642,-0.06592550804089965,1.911812428701259
-0.5320235902404065,-0.8492428115530521,1.3702743677817888
0.2750233549371279,0.5083454171878308,4.5587119020178015
0.3479452628224131,-0.15564592147510947,3.7935923476045224
1.2142102827759942,0.6970467108208253,5.798137020569794
-0.9584643834019321,-1.3822306126370942,0.03598726082804382
0.02729951016594309,-0.18646210496033425,5.101289126189735
-0.5148516046102443,-0.4228398457648931,1.4082306866197036
0.7642138862073625,0.6638686860631693,5.165241592697157
-0.5450296803285695,-0.7037197112636281,-0.7565303052436203
-0.7584568132797092,-1.0074317210810282,-0.3666810293958306
1.475265189703495,2.112184733507733,8.402033690270041
-2.660454724755072,-1.7974816149883497,-4.518822726849351
-0.04914240841432026,0.437978229800907,2.0637010715916544
0.7646440312127886,1.4236623883062438,7.476404470942472
1.9635868457070786,1.6137320813132452,7.457359199761325
0.4714689306747429,0.672045699287126,3.9701082576791267
-1.1692602672231422,-1.3587052704174967,-0.479298876871013
0.08079288050696165,0.33530918869107246,3.0633977874420464
-0.3434294567900489,-1.364820436022394,0.31289305173035387
0.44540311949453576,0.414374415055136,3.6402375758274097
1.0990605587801223,1.4094486991565887,6.979562152402925
-0.6224670742240322,-0.2204564953867982,1.999857033459226
2.639093276548444,2.9681170474550873,10.423018213844449
-1.541063794241495,-1.368529715110675,-2.3865599529891384
-0.03174334836494797,0.014450706599521456,3.4342157732831446
1.1270659297551313,1.2490811068232197,5.303340859439198
0.8092714857334914,0.4949829692359233,6.637615725980944
-0.9407169215241301,-0.4838556447923767,-0.3549512165203743
0.2566252253361687,0.27836435923036107,5.006105760640708
1.0755374811544323,1.0416621461368605,6.978109635300676
2.16437758309027,1.489724364458295,8.310679463085451
-1.155100478426923,-1.206408690384836,0.3785330225803729
-2.791587414830568,-2.429592791981322,-4.686676898293887
0.06621097968650283,0.6045747400042724,2.9966523355812447
-1.3890791491530192,-2.068953655085207,5.592806794108007e-05
0.9522391977949975,-0.4235579576438688,4.290771735348794
-1.30054387031724,-1.5486045609902481,-1.053124647243158
-0.36688797799520395,-0.4005514053815,2.0850456756770805
0.18647439611618014,0.43453914844223435,3.1176585235981698
0.36456912576103734,-0.2982617620892453,3.1741929077968285
1.4870976024022404,1.0417116076612833,7.7372042877231015
0.35017065133989767,-0.5270098014777425,4.106316918411703
-0.20170947014803095,0.2801245098195389,3.952438249636259
-0.3337400345672424,-1.0836793014605084,0.9071486046751525
0.16566991360949018,0.3162460253089054,3.3677172656849965
0.36459447580689935,0.2191596843801632,2.9001906321858915
1.5385274305530563,1.4868782048815548,7.549744312827562
0.0657232520643348,0.15359264630137281,4.804076047043452
-0.3899444411979145,-0.4220530878491167,1.9592807162527452
0.4407379485138361,0.8337044458503367,5.783860131248561
-0.43258861258086406,-0.3457494925694772,1.9114708177239341
0.4961201959340781,0.2536012633273292,5.183612661094219
0.6661487411820363,0.13936327743354104,3.1639391449578973
-0.5751545843619017,-0.27395506697418315,0.5695010450251823
-0.3091266767764139,-0.29845391702707685,2.427406288083973
0.48659488455904104,0.28238884605610715,4.259333695665219
0.34449266637697445,0.5751693962797878,4.887030714844029
0.10886902943394315,0.2982647512718461,3.3540200027188987
0.07382987706905358,0.04696015870391444,2.9983151063036777
2.5821497924567955,2.0641995698028834,11.091980781023226
-1.0516799250045503,-1.652551495410746,-1.9188305066899205
-0.27399171965687463,-0.20186770155408004,2.924105491653699
-0.5548069938174737,-0.8661938943629734,3.0449825113640747
-0.377868338555961,0.2527809446806741,3.6857482731357387
